"Position","Name","Salary","GameInfo","AvgPointsPerGame","teamAbbrev"
"SP","Max Scherzer",13000,"Final",30.497,"WAS"
"SP","Chris Sale",12900,"Final",29.703,"BOS"
"SP","Zack Greinke",12800,"Final",21.526,"ARI"
"SP","Corey Kluber",12600,"Final",27.179,"CLE"
"SP","Chris Archer",12500,"Final",20.791,"TB"
"SP","Dallas Keuchel",12500,"Final",23.213,"HOU"
"SP","Clayton Kershaw",12500,"Final",26.832,"LAD"
"SP","Robbie Ray",12300,"Final",23.913,"ARI"
"SP","Madison Bumgarner",12200,"Final",20.813,"SF"
"SP","Noah Syndergaard",11900,"Final",18.180,"NYM"
"SP","Michael Pineda",11700,"Final",17.007,"NYY"
"SP","Stephen Strasburg",11700,"Final",22.550,"WAS"
"SP","Carlos Carrasco",11600,"Final",19.480,"CLE"
"SP","Jacob deGrom",11400,"Final",20.022,"NYM"
"SP","Carlos Martinez",11300,"Final",23.253,"STL"
"SP","Lance McCullers Jr.",10800,"Final",21.839,"HOU"
"SP","Jose Berrios",10700,"Final",22.750,"MIN"
"SP","Jon Lester",10200,"Final",17.715,"CHC"
"SP","Luis Severino",10100,"Final",21.230,"NYY"
"SP","Gio Gonzalez",9800,"Final",18.897,"WAS"
"SP","Danny Salazar",9700,"Final",14.196,"CLE"
"SP","Alex Wood",9600,"Final",21.127,"LAD"
"SP","Chase Anderson",9400,"Final",17.303,"MIL"
"SP","Yu Darvish",9300,"Final",20.479,"TEX"
"SP","Brad Peacock",9300,"Final",11.050,"HOU"
"SP","Carlos Rodon",9200,"Final",10.450,"CWS"
"SP","Ervin Santana",9200,"Final",20.031,"MIN"
"SP","Danny Duffy",9100,"Final",15.118,"KC"
"SP","Eduardo Rodriguez",8900,"Final",17.459,"BOS"
"SP","Jacob Faria",8900,"Final",24.888,"TB"
"SP","Garrett Richards",8900,"Final",16.100,"LAA"
"SP","Marcus Stroman",8700,"Final",16.315,"TOR"
"SP","James Paxton",8700,"Final",18.900,"SEA"
"SP","Charlie Morton",8700,"Final",17.675,"HOU"
"SP","Sonny Gray",8600,"Final",15.518,"OAK"
"SP","Rich Hill",8600,"Final",12.995,"LAD"
"SP","Johnny Cueto",8600,"Final",16.206,"SF"
"SP","Jimmy Nelson",8500,"Final",18.822,"MIL"
"SP","Dan Straily",8500,"Final",16.941,"MIA"
"SP","Justin Verlander",8400,"Final",14.975,"DET"
"SP","Jordan Zimmermann",8400,"Final",9.897,"DET"
"SP","Tyler Skaggs",8400,"Final",15.840,"LAA"
"SP","Jon Gray",8400,"Final",7.650,"COL"
"SP","Jeff Samardzija",8400,"Final",15.782,"SF"
"SP","Michael Fulmer",8300,"Final",18.123,"DET"
"SP","Jason Vargas",8300,"Final",19.190,"KC"
"SP","CC Sabathia",8200,"Final",15.792,"NYY"
"SP","Drew Smyly",8200,"Final",0,"SEA"
"SP","Julio Urias",8200,"Final",4.740,"LAD"
"SP","Cole Hamels",8100,"Final",7.921,"TEX"
"SP","Vince Velasquez",8100,"Final",10.864,"PHI"
"SP","Hisashi Iwakuma",8100,"Final",7.858,"SEA"
"SP","Jeff Hoffman",8100,"Final",16.406,"COL"
"SP","Jason Hammel",8000,"Final",11.327,"KC"
"SP","J.A. Happ",8000,"Final",16.306,"TOR"
"SP","Gerrit Cole",8000,"Final",14.009,"PIT"
"SP","Collin McHugh",8000,"Final",0,"HOU"
"SP","Jose Quintana",7900,"Final",15.625,"CWS"
"SP","Jake Odorizzi",7900,"Final",13.489,"TB"
"SP","Jose De Leon",7900,"Final",3.800,"TB"
"SP","Marco Estrada",7800,"Final",15.638,"TOR"
"SP","Alex Cobb",7800,"Final",14.075,"TB"
"SP","David Price",7700,"Final",14.464,"BOS"
"SP","Kenta Maeda",7700,"Final",14.957,"LAD"
"SP","Seth Lugo",7700,"Final",15.500,"NYM"
"SP","Julio Teheran",7700,"Final",7.814,"ATL"
"SP","Daniel Norris",7600,"Final",12.123,"DET"
"SP","Jordan Montgomery",7600,"Final",17.268,"NYY"
"SP","Aaron Sanchez",7600,"Final",10.710,"TOR"
"SP","Matt Andriese",7600,"Final",14.121,"TB"
"SP","Mike Fiers",7600,"Final",13.241,"HOU"
"SP","Patrick Corbin",7600,"Final",11.400,"ARI"
"SP","Jameson Taillon",7500,"Final",15.915,"PIT"
"SP","Cody Reed",7500,"Final",4.529,"CIN"
"SP","Brandon McCarthy",7500,"Final",14.611,"LAD"
"SP","Jaime Garcia",7500,"Final",12.683,"ATL"
"SP","Jake Arrieta",7500,"Final",12.942,"CHC"
"SP","German Marquez",7500,"Final",13.021,"COL"
"SP","Lucas Giolito",7400,"Final",0,"CWS"
"SP","Ivan Nova",7400,"Final",15.881,"PIT"
"SP","Mike Leake",7400,"Final",16.167,"STL"
"SP","Kyle Hendricks",7400,"Final",12.929,"CHC"
"SP","Tyler Chatwood",7400,"Final",14.109,"COL"
"SP","Nick Pivetta",7300,"Final",11.517,"PHI"
"SP","Anthony DeSclafani",7300,"Final",0,"CIN"
"SP","Joe Musgrove",7300,"Final",9.731,"HOU"
"SP","Taijuan Walker",7300,"Final",15.650,"ARI"
"SP","Drew Pomeranz",7200,"Final",16.873,"BOS"
"SP","Steven Wright",7200,"Final",2.360,"BOS"
"SP","Michael Wacha",7200,"Final",12.750,"STL"
"SP","Zack Godley",7200,"Final",17.909,"ARI"
"SP","Wei-Yin Chen",7200,"Final",12.590,"MIA"
"SP","Trevor Bauer",7100,"Final",15.128,"CLE"
"SP","Blake Snell",7100,"Final",9.283,"TB"
"SP","Lance Lynn",7100,"Final",15.831,"STL"
"SP","Hyun-Jin Ryu",7100,"Final",12.993,"LAD"
"SP","Archie Bradley",7000,"Final",5.264,"ARI"
"SP","Zack Wheeler",7000,"Final",10.204,"NYM"
"SP","A.J. Cole",7000,"Final",13.500,"WAS"
"SP","Masahiro Tanaka",6900,"Final",13.900,"NYY"
"SP","Aaron Nola",6900,"Final",16.727,"PHI"
"SP","Robert Stephenson",6900,"Final",2.777,"CIN"
"SP","Steven Matz",6900,"Final",14.270,"NYM"
"SP","Clayton Richard",6900,"Final",12.534,"SD"
"SP","Jhoulys Chacin",6800,"Final",11.644,"SD"
"SP","Mike Foltynewicz",6800,"Final",12.810,"ATL"
"SP","Dinelson Lamet",6800,"Final",17.921,"SD"
"RP","Mike Montgomery",6800,"Final",6.998,"CHC"
"SP","Eric Skoglund",6700,"Final",6.317,"KC"
"SP","A.J. Griffin",6700,"Final",12.269,"TEX"
"SP","Rick Porcello",6700,"Final",13.897,"BOS"
"SP","Raisel Iglesias",6700,"Final",4.547,"CIN"
"SP","Edinson Volquez",6700,"Final",14.310,"MIA"
"SP","Marcos Molina",6700,"Final",0,"NYM"
"RP","Sean Newcomb",6700,"Final",15.430,"ATL"
"SP","Tyler Anderson",6700,"Final",10.346,"COL"
"SP","Dylan Bundy",6600,"Final",15.234,"BAL"
"SP","Scott Kazmir",6600,"Final",0,"LAD"
"SP","Alex Meyer",6600,"Final",15.082,"LAA"
"SP","Tanner Roark",6600,"Final",12.269,"WAS"
"SP","Chad Bettis",6600,"Final",0,"COL"
"SP","Brian Johnson",6500,"Final",14.213,"BOS"
"SP","Chase De Jong",6500,"Final",3.336,"SEA"
"SP","Josh Hader",6500,"Final",3.892,"MIL"
"SP","Adam Conley",6500,"Final",6.043,"MIA"
"SP","John Lackey",6500,"Final",12.229,"CHC"
"SP","Antonio Senzatela",6500,"Final",12.062,"COL"
"SP","Ian Kennedy",6400,"Final",11.989,"KC"
"SP","Kyle Zimmer",6400,"Final",0,"KC"
"SP","Derek Holland",6400,"Final",12.737,"CWS"
"SP","Yovani Gallardo",6400,"Final",8.347,"SEA"
"SP","Brett Anderson",6400,"Final",3.650,"CHC"
"SP","Kyle Freeland",6400,"Final",11.150,"COL"
"SP","Kevin Gausman",6300,"Final",7.735,"BAL"
"SP","Francisco Liriano",6300,"Final",10.567,"TOR"
"SP","David Paulino",6300,"Final",12.242,"HOU"
"SP","Adam Wainwright",6300,"Final",11.353,"STL"
"SP","Anthony Banda",6300,"Final",0,"ARI"
"SP","Matt Shoemaker",6300,"Final",13.982,"LAA"
"SP","Nate Karns",6200,"Final",15.156,"KC"
"SP","James Shields",6200,"Final",12.408,"CWS"
"SP","Erasmo Ramirez",6200,"Final",6.216,"TB"
"SP","Sean Manaea",6200,"Final",17.511,"OAK"
"SP","Matthew Boyd",6100,"Final",7.064,"DET"
"SP","Reynaldo Lopez",6100,"Final",0,"CWS"
"SP","Clay Buchholz",6100,"Final",-2.450,"PHI"
"SP","Zach Davies",6100,"Final",9.975,"MIL"
"SP","Taylor Jungmann",6100,"Final",-0.900,"MIL"
"SP","Sal Romano",6100,"Final",1.950,"CIN"
"SP","Jharel Cotton",6100,"Final",12.619,"OAK"
"SP","Josh Tomlin",6000,"Final",9.433,"CLE"
"SP","Jorge Lopez",6000,"Final",-0.500,"MIL"
"SP","Shelby Miller",6000,"Final",14.575,"ARI"
"SP","Luke Weaver",6000,"Final",0,"STL"
"SP","Matt Harvey",6000,"Final",9.804,"NYM"
"SP","Jered Weaver",6000,"Final",3.450,"SD"
"SP","Aaron Blair",6000,"Final",0,"ATL"
"SP","Mike Clevinger",5900,"Final",15.660,"CLE"
"SP","Wade Miley",5900,"Final",11.213,"BAL"
"SP","Felix Hernandez",5900,"Final",12.629,"SEA"
"SP","Kendall Graveman",5900,"Final",12.569,"OAK"
"SP","Joe Ross",5900,"Final",8.294,"WAS"
"SP","Matt Moore",5900,"Final",9.800,"SF"
"RP","Buck Farmer",5800,"Final",12.688,"DET"
"SP","Joe Biagini",5800,"Final",6.417,"TOR"
"SP","Brandon Finnegan",5800,"Final",8.010,"CIN"
"SP","Scott Feldman",5800,"Final",13.838,"CIN"
"RP","Francis Martes",5800,"Final",9.838,"HOU"
"SP","Mat Latos",5700,"Final",4.983,"TOR"
"SP","Tyler Duffey",5700,"Final",3.977,"MIN"
"SP","Matt Garza",5700,"Final",11.859,"MIL"
"SP","Andrew Triggs",5700,"Final",12.533,"OAK"
"RP","Randall Delgado",5700,"Final",6.972,"ARI"
"SP","Robert Gsellman",5700,"Final",6.210,"NYM"
"SP","Ty Blach",5700,"Final",6.187,"SF"
"SP","Anibal Sanchez",5600,"Final",4.077,"DET"
"OF","Aaron Judge",5600,"Final",12.093,"NYY"
"SP","Nick Kingham",5600,"Final",0,"PIT"
"SP","Jake Thompson",5600,"Final",0.417,"PHI"
"SP","Christian Bergman",5600,"Final",9.206,"SEA"
"SP","Tim Adleman",5600,"Final",13.236,"CIN"
"SP","Jesse Hahn",5600,"Final",9.425,"OAK"
"1B/OF","Cody Bellinger",5600,"Final",10.758,"LAD"
"SP","Tommy Milone",5600,"Final",4.672,"NYM"
"SP","Luis Perdomo",5600,"Final",11.632,"SD"
"SP","Jake Junis",5500,"Final",6.944,"KC"
"SP","Mike Minor",5500,"Final",4.369,"KC"
"SP","Roenis Elias",5500,"Final",0,"BOS"
"SP","Hector Velazquez",5500,"Final",8.650,"BOS"
"SP","Ariel Miranda",5500,"Final",13.112,"SEA"
"SP","Adam Morgan",5500,"Final",3.989,"PHI"
"SP","Rob Whalen",5500,"Final",1.950,"SEA"
"SP","Junior Guerra",5500,"Final",9.344,"MIL"
"SP","J.C. Ramirez",5500,"Final",11.511,"LAA"
"SP","Tom Koehler",5500,"Final",6.581,"MIA"
"RP","Tyler Pill",5500,"Final",6.220,"NYM"
"SP","Dan Winkler",5500,"Final",0,"ATL"
"SP","Tyson Ross",5400,"Final",10.267,"TEX"
"SP","Ubaldo Jimenez",5400,"Final",8.109,"BAL"
"SP","Wade LeBlanc",5400,"Final",3.427,"PIT"
"SP","Wily Peralta",5400,"Final",5.350,"MIL"
"SP","Amir Garrett",5400,"Final",7.454,"CIN"
"OF","George Springer",5400,"Final",10.203,"HOU"
"RP","Daniel Gossett",5400,"Final",8.763,"OAK"
"OF","Bryce Harper",5400,"Final",10.514,"WAS"
"SP","Austin Voth",5400,"Final",0,"WAS"
"SP","Tyler Wagner",5300,"Final",0,"TEX"
"SP","Mike Pelfrey",5300,"Final",9.688,"CWS"
"SP","Chris Heston",5300,"Final",-5.500,"MIN"
"SP","Chih-Wei Hu",5300,"Final",7.450,"TB"
"SS","Corey Seager",5300,"Final",8.880,"LAD"
"SP","R.A. Dickey",5300,"Final",11.540,"ATL"
"SP","Jacob Turner",5300,"Final",3.653,"WAS"
"SP","Michael Kopech",5200,"Final",0,"CWS"
"SP","Kyle Kendrick",5200,"Final",-5.925,"BOS"
"SP","Tyler Glasnow",5200,"Final",5.110,"PIT"
"SP","Jeremy Hellickson",5200,"Final",9.569,"PHI"
"SP","Jesse Chavez",5200,"Final",10.503,"LAA"
"SP","Jose Urena",5200,"Final",9.586,"MIA"
"SP","Matt Wisler",5200,"Final",2.736,"ATL"
"SS","Trea Turner",5200,"Final",10.559,"WAS"
"SP","Eddie Butler",5200,"Final",10.539,"CHC"
"SP","Andrew Cashner",5100,"Final",9.235,"TEX"
"C","Gary Sanchez",5100,"Final",9.571,"NYY"
"SP","Sean Reid-Foley",5100,"Final",0,"TOR"
"OF","Mookie Betts",5100,"Final",9.395,"BOS"
"RP","Trevor Williams",5100,"Final",8.300,"PIT"
"SP","Chad Kuhl",5100,"Final",8.050,"PIT"
"SP","Ben Lively",5100,"Final",8.630,"PHI"
"SS","Carlos Correa",5100,"Final",9.699,"HOU"
"SP","Lucas Sims",5100,"Final",0,"ATL"
"OF","Charlie Blackmon",5100,"Final",10.313,"COL"
"RP","Chris Stratton",5100,"Final",-0.050,"SF"
"SP","Chris Young",5000,"Final",1.736,"KC"
"SP","Martin Perez",5000,"Final",10.337,"TEX"
"SP","Chad Green",5000,"Final",7.307,"NYY"
"RP","Giovanny Gallegos",5000,"Final",2.011,"NYY"
"SP","Chris Tillman",5000,"Final",2.480,"BAL"
"SS","Xander Bogaerts",5000,"Final",8.427,"BOS"
"RP","Sam Gaviglio",5000,"Final",11.311,"SEA"
"SP","Brandon Woodruff",5000,"Final",0.000,"MIL"
"SP","Rookie Davis",5000,"Final",3.790,"CIN"
"SP","John Gant",5000,"Final",6.500,"STL"
"SP","Ricky Nolasco",5000,"Final",12.463,"LAA"
"SP","Bartolo Colon",5000,"Final",3.996,"ATL"
"SP","Anderson Espinoza",5000,"Final",0,"SD"
"2B","Daniel Murphy",5000,"Final",9.770,"WAS"
"SP","Albert Suarez",5000,"Final",0,"SF"
"RP","Matt Strahm",4900,"Final",3.702,"KC"
"RP","Joe Jimenez",4900,"Final",0.710,"DET"
"2B/3B","Jose Ramirez",4900,"Final",9.260,"CLE"
"SP","Chance Adams",4900,"Final",0,"NYY"
"SP","Mike Bolsinger",4900,"Final",7.670,"TOR"
"1B","Logan Morrison",4900,"Final",8.766,"TB"
"SP","Steven Brault",4900,"Final",0,"PIT"
"SP","Asher Wojciechowski",4900,"Final",6.133,"CIN"
"2B","Jose Altuve",4900,"Final",9.628,"HOU"
"SP","Abel De los Santos",4900,"Final",0,"LAA"
"RP","Parker Bridwell",4900,"Final",12.000,"LAA"
"SP","Justin Nicolino",4900,"Final",4.492,"MIA"
"SP","Zach Lee",4900,"Final",4.800,"SD"
"3B","Nolan Arenado",4900,"Final",9.123,"COL"
"RP","Ryan Merritt",4800,"Final",4.800,"CLE"
"SP","Austin Bibens-Dirkx",4800,"Final",9.300,"TEX"
"SP","Miguel Gonzalez",4800,"Final",8.692,"CWS"
"RP","Carson Fulmer",4800,"Final",0,"CWS"
"OF","Corey Dickerson",4800,"Final",9.618,"TB"
"SP","Mitch Keller",4800,"Final",0,"PIT"
"RP","Ricardo Pinto",4800,"Final",2.567,"PHI"
"RP","Ryan Weber",4800,"Final",4.450,"SEA"
"SP","Paolo Espino",4800,"Final",5.330,"MIL"
"SP","Lisalverto Bonilla",4800,"Final",5.188,"CIN"
"1B","Paul Goldschmidt",4800,"Final",11.456,"ARI"
"SP","Braden Shipley",4800,"Final",2.975,"ARI"
"SP","Bud Norris",4800,"Final",3.576,"LAA"
"SP","Rafael Montero",4800,"Final",4.263,"NYM"
"SP","Jeff Locke",4800,"Final",8.800,"MIA"
"SP","Nick Martinez",4700,"Final",9.054,"TEX"
"RP","Bryan Mitchell",4700,"Final",2.114,"NYY"
"SP","Alec Asher",4700,"Final",5.298,"BAL"
"RP","Chris Smith",4700,"Final",1.650,"TOR"
"SP","Tanner Scott",4700,"Final",0,"BAL"
"2B","Brian Dozier",4700,"Final",8.479,"MIN"
"SP","Kyle Gibson",4700,"Final",6.729,"MIN"
"SP","Adalberto Mejia",4700,"Final",10.445,"MIN"
"OF","Nelson Cruz",4700,"Final",8.312,"SEA"
"SP","Andrew Moore",4700,"Final",18.150,"SEA"
"3B","Justin Turner",4700,"Final",9.088,"LAD"
"SP","Max Fried",4700,"Final",0,"ATL"
"OF","Justin Upton",4600,"Final",8.539,"DET"
"SP","Chi Chi Gonzalez",4600,"Final",0,"TEX"
"RP","Luis Cessa",4600,"Final",7.163,"NYY"
"SP","TJ House",4600,"Final",0,"TOR"
"SP","Hector Santiago",4600,"Final",8.911,"MIN"
"3B","Miguel Sano",4600,"Final",8.958,"MIN"
"SP","Phil Hughes",4600,"Final",8.570,"MIN"
"RP","Doug Fister",4600,"Final",13.500,"BOS"
"RP","Dillon Gee",4600,"Final",5.563,"MIN"
"SP","Jerad Eickhoff",4600,"Final",10.736,"PHI"
"OF","Adam Duvall",4600,"Final",9.067,"CIN"
"1B","Joey Votto",4600,"Final",10.346,"CIN"
"SP","A.J. Puk",4600,"Final",0,"OAK"
"SP","Daniel Wright",4600,"Final",4.608,"LAA"
"SP","Yusmeiro Petit",4600,"Final",5.628,"LAA"
"OF","Michael Conforto",4600,"Final",8.667,"NYM"
"1B","Freddie Freeman",4600,"Final",12.514,"ATL"
"1B","Ryan Zimmerman",4600,"Final",9.986,"WAS"
"SP","Erick Fedde",4600,"Final",0,"WAS"
"OF","J.D. Martinez",4500,"Final",9.500,"DET"
"2B","Ian Kinsler",4500,"Final",8.079,"DET"
"SP","Tyler Alexander",4500,"Final",0,"DET"
"RP","Blaine Hardy",4500,"Final",1.840,"DET"
"SP","Shane Greene",4500,"Final",2.792,"DET"
"RP","Warwick Saupold",4500,"Final",4.400,"DET"
"RP","Justin Wilson",4500,"Final",4.086,"DET"
"RP","Chad Bell",4500,"Final",6.388,"DET"
"RP","Kyle Ryan",4500,"Final",-0.606,"DET"
"RP","Bruce Rondon",4500,"Final",0.820,"DET"
"RP","Francisco Rodriguez",4500,"Final",1.471,"DET"
"RP","Alex Wilson",4500,"Final",1.782,"DET"
"1B","Edwin Encarnacion",4500,"Final",8.395,"CLE"
"RP","Zack Burdi",4500,"Final",0,"CWS"
"RP","Ronald Herrera",4500,"Final",2.875,"NYY"
"RP","Adam Warren",4500,"Final",4.523,"NYY"
"SP","David Holmberg",4500,"Final",5.430,"CWS"
"SP","Mike Wright",4500,"Final",5.283,"BAL"
"RP","Jayson Aquino",4500,"Final",2.800,"BAL"
"SP","Nick Tepesch",4500,"Final",1.550,"MIN"
"OF","Mitch Haniger",4500,"Final",9.919,"SEA"
"2B","Robinson Cano",4500,"Final",8.380,"SEA"
"SP","Zach Eflin",4500,"Final",6.069,"PHI"
"SP","Casey Lawrence",4500,"Final",3.220,"SEA"
"OF","Ryan Braun",4500,"Final",9.000,"MIL"
"SP","Luis Ortiz",4500,"Final",0,"MIL"
"RP","Tony Cingrani",4500,"Final",2.883,"CIN"
"RP","Nefi Ogando",4500,"Final",0,"CIN"
"RP","Austin Brice",4500,"Final",2.497,"CIN"
"RP","Michael Lorenzen",4500,"Final",3.424,"CIN"
"RP","Wandy Peralta",4500,"Final",3.106,"CIN"
"RP","Drew Storen",4500,"Final",2.546,"CIN"
"RP","Blake Wood",4500,"Final",2.556,"CIN"
"RP","Ariel Hernandez",4500,"Final",7.450,"CIN"
"RP","Barrett Astin",4500,"Final",-0.133,"CIN"
"SP","Daniel Mengden",4500,"Final",-1.800,"OAK"
"OF","A.J. Pollock",4500,"Final",9.135,"ARI"
"OF","Dexter Fowler",4500,"Final",8.075,"STL"
"OF","David Peralta",4500,"Final",7.829,"ARI"
"3B","Jake Lamb",4500,"Final",9.987,"ARI"
"OF","Mike Trout",4500,"Final",12.020,"LAA"
"SP","Walker Buehler",4500,"Final",0,"LAD"
"RP","William Cuevas",4500,"Final",-7.650,"MIA"
"RP","Jose Ramirez",4500,"Final",2.434,"ATL"
"RP","Chaz Roe",4500,"Final",-0.367,"ATL"
"RP","Eric O'Flaherty",4500,"Final",0.993,"ATL"
"RP","Sam Freeman",4500,"Final",3.397,"ATL"
"RP","Jason Hursh",4500,"Final",2.992,"ATL"
"RP","Mauricio Cabrera",4500,"Final",0,"ATL"
"RP","Jim Johnson",4500,"Final",3.744,"ATL"
"RP","Jason Motte",4500,"Final",2.595,"ATL"
"SP","Josh Collmenter",4500,"Final",1.750,"ATL"
"RP","Arodys Vizcaino",4500,"Final",3.574,"ATL"
"RP","Ian Krol",4500,"Final",2.150,"ATL"
"RP","Luke Jackson",4500,"Final",3.461,"ATL"
"SP","Matt Cain",4500,"Final",7.200,"SF"
"SP","Tyler Beede",4500,"Final",0,"SF"
"RP","Scott Alexander",4400,"Final",4.021,"KC"
"RP","Joakim Soria",4400,"Final",3.482,"KC"
"RP","Travis Wood",4400,"Final",1.548,"KC"
"RP","Kelvin Herrera",4400,"Final",2.592,"KC"
"RP","Peter Moylan",4400,"Final",1.264,"KC"
"OF","Carlos Gomez",4400,"Final",8.560,"TEX"
"SP","Justus Sheffield",4400,"Final",0,"NYY"
"1B","Justin Smoak",4400,"Final",8.351,"TOR"
"OF","Starling Marte",4400,"Final",7.769,"PIT"
"OF","Steven Souza Jr.",4400,"Final",8.400,"TB"
"OF","Ben Gamel",4400,"Final",8.411,"SEA"
"2B/OF","Scooter Gennett",4400,"Final",7.046,"CIN"
"SP","Homer Bailey",4400,"Final",-10.150,"CIN"
"RP","Luis Castillo",4400,"Final",16.600,"CIN"
"SP","Raul Alcantara",4400,"Final",-5.483,"OAK"
"OF","Tommy Pham",4400,"Final",8.816,"STL"
"OF","Joc Pederson",4400,"Final",7.151,"LAD"
"1B","Lucas Duda",4400,"Final",7.764,"NYM"
"RP","Jarlin Garcia",4400,"Final",2.201,"MIA"
"RP","Jeurys Familia",4400,"Final",2.545,"NYM"
"RP","Paul Sewald",4400,"Final",3.646,"NYM"
"RP","Hansel Robles",4400,"Final",2.788,"NYM"
"RP","Fernando Salas",4400,"Final",1.934,"NYM"
"RP","Josh Edgin",4400,"Final",1.668,"NYM"
"RP","Jerry Blevins",4400,"Final",2.838,"NYM"
"RP","Addison Reed",4400,"Final",3.145,"NYM"
"RP","Miguel Diaz",4400,"Final",1.944,"SD"
"3B","Anthony Rendon",4400,"Final",9.315,"WAS"
"RP","Rob Zastryzny",4400,"Final",0.800,"CHC"
"RP","Matt Albers",4400,"Final",4.088,"WAS"
"RP","Miguel Almonte",4300,"Final",-6.750,"KC"
"RP","Drew VerHagen",4300,"Final",0,"DET"
"OF","Michael Brantley",4300,"Final",7.965,"CLE"
"RP","Shawn Morimando",4300,"Final",0,"CLE"
"SP","Dylan Covey",4300,"Final",2.419,"CWS"
"SP","Tyler Wilson",4300,"Final",1.625,"BAL"
"SP","Nik Turley",4300,"Final",-5.267,"MIN"
"SP","Adam Wilk",4300,"Final",-0.075,"MIN"
"3B","Evan Longoria",4300,"Final",7.782,"TB"
"SP","Mark Appel",4300,"Final",0,"PHI"
"RP","Shae Simmons",4300,"Final",0,"SEA"
"RP","Emilio Pagan",4300,"Final",7.950,"SEA"
"RP","Marc Rzepczynski",4300,"Final",1.596,"SEA"
"RP","Jean Machi",4300,"Final",4.130,"SEA"
"RP","James Pazos",4300,"Final",3.677,"SEA"
"RP","Nick Vincent",4300,"Final",2.958,"SEA"
"RP","Tony Zych",4300,"Final",2.542,"SEA"
"RP","Evan Marshall",4300,"Final",-0.158,"SEA"
"RP","Evan Scribner",4300,"Final",0.338,"SEA"
"RP","Steve Cishek",4300,"Final",2.317,"SEA"
"RP","Zac Curtis",4300,"Final",1.433,"SEA"
"RP","Edwin Diaz",4300,"Final",3.521,"SEA"
"RP","Dan Altavilla",4300,"Final",2.668,"SEA"
"OF","Domingo Santana",4300,"Final",8.066,"MIL"
"2B","Jonathan Villar",4300,"Final",7.452,"MIL"
"SP","Grant Holmes",4300,"Final",0,"OAK"
"RP","Liam Hendriks",4300,"Final",3.375,"OAK"
"RP","Ryan Madson",4300,"Final",3.156,"OAK"
"RP","Santiago Casilla",4300,"Final",2.405,"OAK"
"RP","Daniel Coulombe",4300,"Final",2.384,"OAK"
"RP","Josh Smith",4300,"Final",1.333,"OAK"
"RP","John Axford",4300,"Final",1.844,"OAK"
"RP","Frankie Montas",4300,"Final",2.481,"OAK"
"RP","Sean Doolittle",4300,"Final",4.175,"OAK"
"RP","Ryan Dull",4300,"Final",2.255,"OAK"
"RP","Bobby Wahl",4300,"Final",2.493,"OAK"
"3B","Jedd Gyorko",4300,"Final",7.871,"STL"
"SP","Taylor Clarke",4300,"Final",0,"ARI"
"RP","Vicente Campos",4300,"Final",0,"LAA"
"OF","Yoenis Cespedes",4300,"Final",8.400,"NYM"
"SP","Robbie Erlin",4300,"Final",0,"SD"
"RP","Alec Mills",4300,"Final",0,"CHC"
"RP","Carl Edwards Jr.",4300,"Final",3.646,"CHC"
"RP","Koji Uehara",4300,"Final",3.246,"CHC"
"RP","Pedro Strop",4300,"Final",2.643,"CHC"
"RP","Brian Duensing",4300,"Final",3.442,"CHC"
"RP","Wade Davis",4300,"Final",4.352,"CHC"
"RP","Dylan Floro",4300,"Final",2.925,"CHC"
"RP","Hector Rondon",4300,"Final",2.830,"CHC"
"RP","Justin Grimm",4300,"Final",3.429,"CHC"
"RP","Zac Rosscup",4300,"Final",1.500,"CHC"
"RP","Felix Pena",4300,"Final",3.700,"CHC"
"SP","Jeremy Guthrie",4300,"Final",-24.500,"WAS"
"SP","Chris Rusin",4300,"Final",4.297,"COL"
"SS","Elvis Andrus",4200,"Final",9.312,"TEX"
"OF","Lonnie Chisenhall",4200,"Final",7.536,"CLE"
"OF","Brett Gardner",4200,"Final",8.847,"NYY"
"RP","Dan Jennings",4200,"Final",2.105,"CWS"
"RP","Jake Petricka",4200,"Final",2.222,"CWS"
"RP","David Robertson",4200,"Final",4.729,"CWS"
"RP","Nate Jones",4200,"Final",4.059,"CWS"
"RP","Michael Ynoa",4200,"Final",2.333,"CWS"
"RP","Chris Beck",4200,"Final",2.770,"CWS"
"RP","Anthony Swarzak",4200,"Final",3.635,"CWS"
"RP","Tommy Kahnle",4200,"Final",4.453,"CWS"
"RP","Zach Putnam",4200,"Final",4.814,"CWS"
"SP","Domingo German",4200,"Final",6.775,"NYY"
"2B","Jonathan Schoop",4200,"Final",8.395,"BAL"
"SP","Gabriel Ynoa",4200,"Final",9.425,"BAL"
"RP","J.P. Howell",4200,"Final",0.469,"TOR"
"RP","Roberto Osuna",4200,"Final",4.059,"TOR"
"RP","Joe Smith",4200,"Final",3.854,"TOR"
"RP","Dominic Leone",4200,"Final",3.930,"TOR"
"RP","Matt Dermody",4200,"Final",-12.250,"TOR"
"RP","Aaron Loup",4200,"Final",2.234,"TOR"
"RP","Ryan Tepera",4200,"Final",4.032,"TOR"
"RP","Leonel Campos",4200,"Final",4.817,"TOR"
"RP","Danny Barnes",4200,"Final",4.561,"TOR"
"RP","Jason Grilli",4200,"Final",1.873,"TOR"
"SP","Jaime Schultz",4200,"Final",0,"TB"
"SP","Juan Nicasio",4200,"Final",2.828,"PIT"
"RP","Edgar Santana",4200,"Final",3.486,"PIT"
"SP","Chase Whitley",4200,"Final",3.556,"TB"
"RP","Tony Watson",4200,"Final",2.463,"PIT"
"RP","Antonio Bastardo",4200,"Final",-2.033,"PIT"
"RP","A.J. Schugel",4200,"Final",0,"PIT"
"SS","Jean Segura",4200,"Final",9.120,"SEA"
"RP","Hector Neris",4200,"Final",3.096,"PHI"
"RP","Edubray Ramos",4200,"Final",2.119,"PHI"
"RP","Joaquin Benoit",4200,"Final",2.544,"PHI"
"RP","Pat Neshek",4200,"Final",3.533,"PHI"
"RP","Luis Garcia",4200,"Final",3.042,"PHI"
"RP","Casey Fien",4200,"Final",0.020,"PHI"
"RP","Jeanmar Gomez",4200,"Final",2.458,"PHI"
"RP","Mark Leiter Jr.",4200,"Final",4.764,"PHI"
"OF","Keon Broxton",4200,"Final",7.816,"MIL"
"3B/OF","Hernan Perez",4200,"Final",6.904,"MIL"
"3B","Travis Shaw",4200,"Final",9.843,"MIL"
"1B/OF","Eric Thames",4200,"Final",8.877,"MIL"
"OF","Scott Schebler",4200,"Final",7.932,"CIN"
"SP","Bronson Arroyo",4200,"Final",5.117,"CIN"
"RP","Jake Buchanan",4200,"Final",-1.230,"CIN"
"OF","Josh Reddick",4200,"Final",8.299,"HOU"
"RP","Ashur Tolliver",4200,"Final",14.000,"HOU"
"RP","Frank Duncan",4200,"Final",0,"ARI"
"SP","Nate Smith",4200,"Final",0,"LAA"
"RP","Jose Alvarez",4200,"Final",1.584,"LAA"
"RP","Keynan Middleton",4200,"Final",2.881,"LAA"
"RP","Andrew Bailey",4200,"Final",4.113,"LAA"
"RP","Mike Morin",4200,"Final",1.838,"LAA"
"RP","Cam Bedrosian",4200,"Final",4.817,"LAA"
"RP","Brooks Pounders",4200,"Final",2.913,"LAA"
"RP","Blake Parker",4200,"Final",4.044,"LAA"
"RP","Huston Street",4200,"Final",4.050,"LAA"
"RP","Deolis Guerra",4200,"Final",3.372,"LAA"
"RP","David Hernandez",4200,"Final",3.170,"LAA"
"RP","Justin Marks",4200,"Final",1.200,"LAD"
"RP","Nick Wittgren",4200,"Final",3.275,"MIA"
"RP","Dustin McGowan",4200,"Final",4.083,"MIA"
"SP","Brian Ellington",4200,"Final",2.095,"MIA"
"RP","David Phelps",4200,"Final",3.203,"MIA"
"RP","AJ Ramos",4200,"Final",3.481,"MIA"
"RP","Severino Gonzalez",4200,"Final",0,"MIA"
"RP","Brad Ziegler",4200,"Final",0.778,"MIA"
"RP","Junichi Tazawa",4200,"Final",1.416,"MIA"
"RP","Odrisamer Despaigne",4200,"Final",0.875,"MIA"
"RP","Kyle Barraclough",4200,"Final",3.266,"MIA"
"RP","Neil Ramirez",4200,"Final",2.515,"NYM"
"RP","Josh Smoker",4200,"Final",2.711,"NYM"
"1B","Matt Adams",4200,"Final",6.618,"ATL"
"OF","Ender Inciarte",4200,"Final",8.269,"ATL"
"SP","Christian Friedrich",4200,"Final",0,"SD"
"SP","Jake Esch",4200,"Final",-1.200,"SD"
"SP","Jarred Cosart",4200,"Final",4.257,"SD"
"SP","Dillon Overton",4200,"Final",1.939,"SD"
"RP","Kirby Yates",4200,"Final",4.175,"SD"
"RP","Jose Valdez",4200,"Final",3.679,"SD"
"RP","Brad Hand",4200,"Final",3.958,"SD"
"RP","Carter Capps",4200,"Final",0,"SD"
"RP","Seth Frankoff",4200,"Final",2.100,"CHC"
"1B","Mark Reynolds",4200,"Final",9.066,"COL"
"RP","Sam Moll",4200,"Final",0,"COL"
"1B/C","Alex Avila",4100,"Final",7.571,"DET"
"RP","Seth Maness",4100,"Final",1.869,"KC"
"RP","Neftali Feliz",4100,"Final",1.672,"KC"
"RP","Kevin McCarthy",4100,"Final",2.388,"KC"
"RP","Al Alburquerque",4100,"Final",2.400,"KC"
"SS","Francisco Lindor",4100,"Final",8.132,"CLE"
"RP","Adam Plutko",4100,"Final",0,"CLE"
"RP","Yohander Mendez",4100,"Final",0,"TEX"
"RP","Jose Leclerc",4100,"Final",4.531,"TEX"
"RP","Matt Bush",4100,"Final",3.059,"TEX"
"RP","Anthony Bass",4100,"Final",-5.825,"TEX"
"RP","Alex Claudio",4100,"Final",2.496,"TEX"
"RP","Keone Kela",4100,"Final",4.473,"TEX"
"RP","Dario Alvarez",4100,"Final",2.418,"TEX"
"RP","Jeremy Jeffress",4100,"Final",1.211,"TEX"
"RP","Ernesto Frieri",4100,"Final",2.113,"TEX"
"RP","Tony Barnette",4100,"Final",1.880,"TEX"
"RP","Tanner Scheppers",4100,"Final",1.520,"TEX"
"1B","Chris Davis",4100,"Final",7.311,"BAL"
"3B","Josh Donaldson",4100,"Final",7.684,"TOR"
"RP","Stefan Crichton",4100,"Final",0.544,"BAL"
"RP","Brad Brach",4100,"Final",3.340,"BAL"
"RP","Darren O'Day",4100,"Final",3.306,"BAL"
"RP","Richard Bleier",4100,"Final",2.320,"BAL"
"RP","Mychal Givens",4100,"Final",4.265,"BAL"
"OF","Andrew Benintendi",4100,"Final",8.041,"BOS"
"1B","Josh Bell",4100,"Final",6.886,"PIT"
"RP","Dovydas Neverauskas",4100,"Final",1.083,"PIT"
"RP","Johnny Barbato",4100,"Final",2.537,"PIT"
"SP","Josh Lindblom",4100,"Final",3.163,"PIT"
"RP","Jhan Marinez",4100,"Final",2.626,"PIT"
"RP","Felipe Rivero",4100,"Final",4.283,"PIT"
"RP","Daniel Hudson",4100,"Final",1.933,"PIT"
"RP","Jumbo Diaz",4100,"Final",2.007,"TB"
"RP","Alex Colome",4100,"Final",2.888,"TB"
"SP","Austin Pruitt",4100,"Final",3.692,"TB"
"RP","Brad Boxberger",4100,"Final",0,"TB"
"RP","Tommy Hunter",4100,"Final",2.856,"TB"
"RP","Shawn Tolleson",4100,"Final",0,"TB"
"RP","Danny Farquhar",4100,"Final",2.388,"TB"
"RP","Jose Alvarado",4100,"Final",1.498,"TB"
"RP","Xavier Cedeno",4100,"Final",0.350,"TB"
"RP","Diego Moreno",4100,"Final",2.670,"TB"
"RP","Ryan Garton",4100,"Final",1.493,"TB"
"RP","Tom Wilhelmsen",4100,"Final",1.794,"MIL"
"RP","Jacob Barnes",4100,"Final",2.738,"MIL"
"RP","Oliver Drake",4100,"Final",2.674,"MIL"
"RP","Rob Scahill",4100,"Final",1.565,"MIL"
"SP","Brent Suter",4100,"Final",3.744,"MIL"
"RP","Jared Hughes",4100,"Final",2.380,"MIL"
"RP","Carlos Torres",4100,"Final",2.301,"MIL"
"RP","Corey Knebel",4100,"Final",4.728,"MIL"
"RP","David Goforth",4100,"Final",1.650,"MIL"
"OF","Khris Davis",4100,"Final",8.961,"OAK"
"RP","Brady Rodgers",4100,"Final",0,"HOU"
"SP","Marco Gonzales",4100,"Final",-2.100,"STL"
"RP","Fernando Rodney",4100,"Final",3.023,"ARI"
"RP","J.J. Hoover",4100,"Final",2.531,"ARI"
"SP","Jorge De La Rosa",4100,"Final",2.494,"ARI"
"RP","Andrew Chafin",4100,"Final",3.096,"ARI"
"RP","Jake Barrett",4100,"Final",0,"ARI"
"RP","Silvino Bracho",4100,"Final",2.711,"ARI"
"RP","T.J. McFarland",4100,"Final",4.253,"ARI"
"2B/OF","Chris Taylor",4100,"Final",8.000,"LAD"
"SP","Ross Stripling",4100,"Final",4.129,"LAD"
"SP","Brock Stewart",4100,"Final",9.725,"LAD"
"RP","Pedro Baez",4100,"Final",3.329,"LAD"
"RP","Sergio Romo",4100,"Final",2.330,"LAD"
"RP","Chris Hatcher",4100,"Final",3.888,"LAD"
"RP","Grant Dayton",4100,"Final",2.258,"LAD"
"RP","Adam Liberatore",4100,"Final",3.125,"LAD"
"RP","Josh Fields",4100,"Final",3.776,"LAD"
"RP","Josh Ravin",4100,"Final",7.900,"LAD"
"RP","Luis Avilan",4100,"Final",1.927,"LAD"
"RP","Kenley Jansen",4100,"Final",5.659,"LAD"
"OF","Curtis Granderson",4100,"Final",7.173,"NYM"
"OF","Giancarlo Stanton",4100,"Final",9.145,"MIA"
"RP","Tayron Guerrero",4100,"Final",0,"MIA"
"RP","Jose M. Torres",4100,"Final",3.213,"SD"
"RP","Brandon Maurer",4100,"Final",1.897,"SD"
"RP","Ryan Buchter",4100,"Final",3.239,"SD"
"RP","Buddy Baumann",4100,"Final",0,"SD"
"SP","Cesar Vargas",4100,"Final",0,"SD"
"SP","Trevor Cahill",4100,"Final",20.829,"SD"
"RP","Craig Stammen",4100,"Final",4.319,"SD"
"RP","Kevin Quackenbush",4100,"Final",2.230,"SD"
"RP","Enny Romero",4100,"Final",3.193,"WAS"
"RP","Shawn Kelley",4100,"Final",2.141,"WAS"
"RP","Joe Blanton",4100,"Final",0.802,"WAS"
"RP","Sammy Solis",4100,"Final",0.592,"WAS"
"RP","Koda Glover",4100,"Final",1.787,"WAS"
"RP","Blake Treinen",4100,"Final",1.579,"WAS"
"RP","Oliver Perez",4100,"Final",2.081,"WAS"
"RP","Matt Grace",4100,"Final",1.000,"WAS"
"SP","Joan Gregorio",4100,"Final",0,"SF"
"OF","Jorge Bonifacio",4000,"Final",7.000,"KC"
"RP","Adam Ravenelle",4000,"Final",0,"DET"
"RP","Arcenio Leon",4000,"Final",-1.133,"DET"
"SP","Daniel Stumpf",4000,"Final",1.392,"DET"
"1B/3B","Joey Gallo",4000,"Final",7.863,"TEX"
"OF","Nomar Mazara",4000,"Final",7.736,"TEX"
"SP","Tim Cooney",4000,"Final",0,"CLE"
"RP","Carlos Frias",4000,"Final",0,"CLE"
"RP","Dan Otero",4000,"Final",2.513,"CLE"
"RP","Zach McAllister",4000,"Final",4.510,"CLE"
"RP","Boone Logan",4000,"Final",2.060,"CLE"
"RP","Andrew Miller",4000,"Final",5.634,"CLE"
"RP","Shawn Armstrong",4000,"Final",3.350,"CLE"
"RP","Cody Allen",4000,"Final",3.611,"CLE"
"RP","Nick Goody",4000,"Final",4.086,"CLE"
"RP","Bryan Shaw",4000,"Final",3.081,"CLE"
"RP","Joe Colon",4000,"Final",0,"CLE"
"RP","Kyle Crockett",4000,"Final",-0.967,"CLE"
"RP","Preston Claiborne",4000,"Final",-0.500,"TEX"
"SP","Connor Sadzeck",4000,"Final",0,"TEX"
"RP","Gregory Infante",4000,"Final",2.111,"CWS"
"RP","Brad Goldberg",4000,"Final",-9.650,"CWS"
"RP","Tyler Danish",4000,"Final",21.850,"CWS"
"RP","Juan Minaya",4000,"Final",4.106,"CWS"
"RP","Chasen Shreve",4000,"Final",3.507,"NYY"
"RP","Dellin Betances",4000,"Final",4.757,"NYY"
"RP","Aroldis Chapman",4000,"Final",3.853,"NYY"
"RP","Tyler Clippard",4000,"Final",2.740,"NYY"
"RP","Ben Heller",4000,"Final",-0.450,"NYY"
"RP","Tommy Layne",4000,"Final",0.539,"NYY"
"RP","Tyler Webb",4000,"Final",3.988,"NYY"
"RP","Jonathan Holder",4000,"Final",2.775,"NYY"
"3B","Manny Machado",4000,"Final",7.507,"BAL"
"SP","Cesar Valdez",4000,"Final",0.858,"TOR"
"SP","Cody Sedlock",4000,"Final",0,"BAL"
"RP","Jeff Beliveau",4000,"Final",3.494,"TOR"
"RP","Vidal Nuno",4000,"Final",0.433,"BAL"
"RP","Chris Lee",4000,"Final",0,"BAL"
"RP","Donnie Hart",4000,"Final",1.858,"BAL"
"SP","Jimmy Yacabonis",4000,"Final",-1.300,"BAL"
"SP","Miguel Castro",4000,"Final",2.569,"BAL"
"RP","Jason Garcia",4000,"Final",0,"BAL"
"SP","Logan Verrett",4000,"Final",7.600,"BAL"
"1B","Hanley Ramirez",4000,"Final",6.969,"BOS"
"RP","Henry Owens",4000,"Final",0,"BOS"
"SP","Felix Jorge",4000,"Final",0,"MIN"
"SP","Brandon Workman",4000,"Final",5.000,"BOS"
"RP","Noe Ramirez",4000,"Final",6.050,"BOS"
"RP","Tyler Thornburg",4000,"Final",0,"BOS"
"RP","Carson Smith",4000,"Final",0,"BOS"
"RP","Blaine Boyer",4000,"Final",2.712,"BOS"
"RP","Craig Kimbrel",4000,"Final",5.855,"BOS"
"SP","Joe Kelly",4000,"Final",3.298,"BOS"
"RP","Ben Taylor",4000,"Final",2.105,"BOS"
"RP","Austin Maddox",4000,"Final",2.950,"BOS"
"RP","Fernando Abad",4000,"Final",2.154,"BOS"
"RP","Robbie Ross Jr.",4000,"Final",1.531,"BOS"
"RP","Heath Hembree",4000,"Final",2.678,"BOS"
"RP","Matt Barnes",4000,"Final",3.583,"BOS"
"RP","Robby Scott",4000,"Final",1.563,"BOS"
"RP","Buddy Boshers",4000,"Final",3.423,"MIN"
"RP","Drew Rucinski",4000,"Final",1.275,"MIN"
"RP","Ryan O'Rourke",4000,"Final",0,"MIN"
"RP","Taylor Rogers",4000,"Final",2.543,"MIN"
"RP","Alex Wimmers",4000,"Final",2.150,"MIN"
"RP","Justin Haley",4000,"Final",3.370,"MIN"
"RP","Michael Tonkin",4000,"Final",2.194,"MIN"
"RP","Glen Perkins",4000,"Final",0,"MIN"
"RP","Matt Belisle",4000,"Final",1.141,"MIN"
"RP","Randy Rosario",4000,"Final",-5.775,"MIN"
"RP","Brandon Kintzler",4000,"Final",2.601,"MIN"
"RP","Alan Busenitz",4000,"Final",2.180,"MIN"
"RP","Craig Breslow",4000,"Final",1.617,"MIN"
"RP","Ryan Pressly",4000,"Final",1.904,"MIN"
"RP","Trevor Hildenberger",4000,"Final",5.175,"MIN"
"RP","J.T. Chargois",4000,"Final",0,"MIN"
"RP","Kevin Chapman",4000,"Final",0,"MIN"
"2B/3B","Josh Harrison",4000,"Final",7.987,"PIT"
"OF","Andrew McCutchen",4000,"Final",8.597,"PIT"
"RP","Ryne Stanek",4000,"Final",1.850,"TB"
"SP","Taylor Guerrieri",4000,"Final",0,"TB"
"RP","Ryne Harper",4000,"Final",0,"SEA"
"RP","Max Povse",4000,"Final",-4.900,"SEA"
"SP","Tyler Cloyd",4000,"Final",7.050,"SEA"
"RP","Hoby Milner",4000,"Final",2.450,"PHI"
"OF","Billy Hamilton",4000,"Final",8.653,"CIN"
"SP","Keury Mella",4000,"Final",0,"CIN"
"RP","Jackson Stephens",4000,"Final",0,"CIN"
"OF","Carlos Beltran",4000,"Final",6.868,"HOU"
"RP","Michael Brady",4000,"Final",4.150,"OAK"
"RP","Zach Neal",4000,"Final",2.550,"OAK"
"RP","Jordan Jankowski",4000,"Final",1.350,"HOU"
"RP","James Hoyt",4000,"Final",4.563,"HOU"
"RP","Tony Sipp",4000,"Final",2.082,"HOU"
"RP","Ken Giles",4000,"Final",3.289,"HOU"
"RP","Will Harris",4000,"Final",4.025,"HOU"
"RP","Luke Gregerson",4000,"Final",2.785,"HOU"
"RP","Chris Devenski",4000,"Final",6.523,"HOU"
"RP","Jandel Gustave",4000,"Final",0.342,"HOU"
"RP","Reymin Guduan",4000,"Final",2.858,"HOU"
"RP","Dayan Diaz",4000,"Final",2.579,"HOU"
"RP","Michael Feliz",4000,"Final",4.659,"HOU"
"SP","Brad Keller",4000,"Final",0,"ARI"
"SP","Rubby De La Rosa",4000,"Final",2.125,"ARI"
"RP","Jimmie Sherfy",4000,"Final",0,"ARI"
"RP","Trevor Rosenthal",4000,"Final",3.556,"STL"
"RP","Jonathan Broxton",4000,"Final",1.143,"STL"
"RP","Miguel Socolovich",4000,"Final",0.947,"STL"
"RP","Matt Bowman",4000,"Final",2.191,"STL"
"RP","Brett Cecil",4000,"Final",2.128,"STL"
"RP","Tyler Lyons",4000,"Final",4.037,"STL"
"RP","Sam Tuivailala",4000,"Final",3.832,"STL"
"RP","Kevin Siegrist",4000,"Final",2.035,"STL"
"RP","John Brebbia",4000,"Final",2.754,"STL"
"RP","Seung Hwan Oh",4000,"Final",2.679,"STL"
"RP","Mike Mayers",4000,"Final",1.050,"STL"
"OF","Cameron Maybin",4000,"Final",9.524,"LAA"
"RP","Eduardo Paredes",4000,"Final",2.200,"LAA"
"SP","Jason Wheeler",4000,"Final",-2.625,"LAD"
"SP","Brandon Morrow",4000,"Final",5.845,"LAD"
"OF","Jay Bruce",4000,"Final",9.178,"NYM"
"SS","Asdrubal Cabrera",4000,"Final",7.291,"NYM"
"OF","Marcell Ozuna",4000,"Final",9.091,"MIA"
"2B","Dee Gordon",4000,"Final",8.118,"MIA"
"SP","Vance Worley",4000,"Final",3.430,"MIA"
"RP","Drew Steckenrider",4000,"Final",1.375,"MIA"
"RP","Chase Bradford",4000,"Final",3.350,"NYM"
"RP","Erik Goeddel",4000,"Final",3.383,"NYM"
"1B","Wil Myers",4000,"Final",8.538,"SD"
"2B","Brandon Phillips",4000,"Final",7.493,"ATL"
"OF","Matt Kemp",4000,"Final",8.185,"ATL"
"RP","Akeel Morris",4000,"Final",0,"ATL"
"RP","Phil Maton",4000,"Final",4.322,"SD"
"OF","Brian Goodwin",4000,"Final",6.421,"WAS"
"3B","Kris Bryant",4000,"Final",8.961,"CHC"
"1B","Anthony Rizzo",4000,"Final",9.228,"CHC"
"SP","Pierce Johnson",4000,"Final",4.450,"CHC"
"RP","Trevor Gott",4000,"Final",-1.150,"WAS"
"SP","Edwin Jackson",4000,"Final",-0.583,"WAS"
"1B/C","Buster Posey",4000,"Final",8.221,"SF"
"RP","Chad Qualls",4000,"Final",1.595,"COL"
"RP","Mike Dunn",4000,"Final",2.385,"COL"
"RP","Shane Carle",4000,"Final",4.250,"COL"
"RP","Jake McGee",4000,"Final",3.434,"COL"
"RP","Scott Oberg",4000,"Final",2.119,"COL"
"SP","Jordan Lyles",4000,"Final",1.635,"COL"
"RP","Carlos Estevez",4000,"Final",2.239,"COL"
"RP","Adam Ottavino",4000,"Final",2.734,"COL"
"RP","Greg Holland",4000,"Final",3.890,"COL"
"RP","Jairo Diaz",4000,"Final",-0.150,"COL"
"RP","Josh Osich",4000,"Final",2.429,"SF"
"RP","Sam Dyson",4000,"Final",0.488,"SF"
"RP","Derek Law",4000,"Final",2.119,"SF"
"RP","George Kontos",4000,"Final",3.279,"SF"
"RP","Mark Melancon",4000,"Final",2.350,"SF"
"RP","Steven Okert",4000,"Final",1.013,"SF"
"RP","Cory Gearrin",4000,"Final",3.056,"SF"
"RP","Kyle Crick",4000,"Final",1.583,"SF"
"RP","Bryan Morris",4000,"Final",1.713,"SF"
"RP","Ray Black",4000,"Final",0,"SF"
"RP","Reyes Moronta",4000,"Final",0,"SF"
"RP","Hunter Strickland",4000,"Final",2.600,"SF"
"SP","Andrew Suarez",4000,"Final",0,"SF"
"3B","Nicholas Castellanos",3900,"Final",7.145,"DET"
"OF","Shin-soo Choo",3900,"Final",8.324,"TEX"
"3B","Adrian Beltre",3900,"Final",8.846,"TEX"
"OF","Bradley Zimmer",3900,"Final",6.950,"CLE"
"1B","Chris Carter",3900,"Final",5.140,"NYY"
"1B","Matt Holliday",3900,"Final",7.958,"NYY"
"2B","Devon Travis",3900,"Final",6.900,"TOR"
"OF","Adam Jones",3900,"Final",7.219,"BAL"
"OF","Jose Bautista",3900,"Final",7.744,"TOR"
"1B","Kendrys Morales",3900,"Final",7.514,"TOR"
"C","Sandy Leon",3900,"Final",5.886,"BOS"
"OF","Eddie Rosario",3900,"Final",6.338,"MIN"
"OF","Mallex Smith",3900,"Final",7.889,"TB"
"2B","Brad Miller",3900,"Final",6.279,"TB"
"2B/SS","Eric Sogard",3900,"Final",7.875,"MIL"
"C","Brian McCann",3900,"Final",8.308,"HOU"
"2B","Paul DeJong",3900,"Final",6.692,"STL"
"OF","Stephen Piscotty",3900,"Final",6.983,"STL"
"OF/SS","Chris Owings",3900,"Final",7.920,"ARI"
"SS","Andrelton Simmons",3900,"Final",7.549,"LAA"
"2B/OF","Kike Hernandez",3900,"Final",5.324,"LAD"
"C","Yasmani Grandal",3900,"Final",6.588,"LAD"
"OF","Nick Markakis",3900,"Final",7.192,"ATL"
"2B/OF","Ian Happ",3900,"Final",7.833,"CHC"
"1B/OF","Brandon Belt",3900,"Final",7.641,"SF"
"OF","David Dahl",3900,"Final",0,"COL"
"1B/OF","Ian Desmond",3900,"Final",7.630,"COL"
"OF","Jackie Bradley Jr.",3800,"Final",7.694,"BOS"
"OF","Adam Frazier",3800,"Final",7.333,"PIT"
"SS","Orlando Arcia",3800,"Final",6.026,"MIL"
"C","Evan Gattis",3800,"Final",6.880,"HOU"
"OF","Matt Joyce",3800,"Final",6.429,"OAK"
"1B/OF","Marwin Gonzalez",3800,"Final",7.984,"HOU"
"C","Yadier Molina",3800,"Final",6.647,"STL"
"C","Martin Maldonado",3800,"Final",5.500,"LAA"
"OF","Yasiel Puig",3800,"Final",7.829,"LAD"
"1B","Adrian Gonzalez",3800,"Final",4.900,"LAD"
"C","Tyler Flowers",3800,"Final",7.018,"ATL"
"OF","Michael A. Taylor",3800,"Final",7.597,"WAS"
"OF","Adam Eaton",3800,"Final",10.130,"WAS"
"2B","Joe Panik",3800,"Final",6.548,"SF"
"C","Salvador Perez",3700,"Final",7.778,"KC"
"1B","Ronald Guzman",3700,"Final",0,"TEX"
"OF","Delino DeShields",3700,"Final",6.426,"TEX"
"1B","Mike Napoli",3700,"Final",6.250,"TEX"
"1B/3B","Matt Davidson",3700,"Final",7.297,"CWS"
"OF","Aaron Hicks",3700,"Final",8.983,"NYY"
"1B","Jose Abreu",3700,"Final",8.636,"CWS"
"OF","Kevin Pillar",3700,"Final",7.526,"TOR"
"C","Russell Martin",3700,"Final",6.706,"TOR"
"1B","Mitch Moreland",3700,"Final",7.699,"BOS"
"3B","Trevor Plouffe",3700,"Final",4.716,"TB"
"C","Wilson Ramos",3700,"Final",3.000,"TB"
"OF","Kevin Kiermaier",3700,"Final",7.403,"TB"
"OF","Aaron Altherr",3700,"Final",8.176,"PHI"
"2B/OF","Howie Kendrick",3700,"Final",8.667,"PHI"
"C","Mike Zunino",3700,"Final",6.607,"SEA"
"1B","Jesus Aguilar",3700,"Final",4.694,"MIL"
"C","Devin Mesoraco",3700,"Final",6.184,"CIN"
"1B","Yuli Gurriel",3700,"Final",6.912,"HOU"
"1B","Yonder Alonso",3700,"Final",8.159,"OAK"
"1B","Matt Carpenter",3700,"Final",7.987,"STL"
"OF","Gregor Blanco",3700,"Final",6.425,"ARI"
"3B","Yunel Escobar",3700,"Final",7.016,"LAA"
"C","J.T. Realmuto",3700,"Final",7.288,"MIA"
"1B","Justin Bour",3700,"Final",8.328,"MIA"
"2B","DJ LeMahieu",3700,"Final",7.185,"COL"
"1B","Victor Martinez",3600,"Final",6.145,"DET"
"1B","Miguel Cabrera",3600,"Final",7.561,"DET"
"2B","Whit Merrifield",3600,"Final",7.417,"KC"
"3B","Mike Moustakas",3600,"Final",8.471,"KC"
"2B","Jason Kipnis",3600,"Final",7.000,"CLE"
"1B/OF","Trey Mancini",3600,"Final",8.094,"BAL"
"1B","Kennys Vargas",3600,"Final",6.415,"MIN"
"SS","Jorge Polanco",3600,"Final",5.984,"MIN"
"1B","Joe Mauer",3600,"Final",6.926,"MIN"
"OF","Colby Rasmus",3600,"Final",7.649,"TB"
"OF","Phillip Ervin",3600,"Final",0.667,"CIN"
"3B","Eugenio Suarez",3600,"Final",7.679,"CIN"
"3B","Alex Bregman",3600,"Final",6.560,"HOU"
"OF","Randal Grichuk",3600,"Final",7.294,"STL"
"2B","Brandon Drury",3600,"Final",6.914,"ARI"
"1B/3B","Wilmer Flores",3600,"Final",6.183,"NYM"
"3B","Ryan Schimpf",3600,"Final",6.377,"SD"
"2B","Jose Pirela",3600,"Final",9.200,"SD"
"2B/OF","Ben Zobrist",3600,"Final",6.127,"CHC"
"3B/OF","Eduardo Nunez",3600,"Final",7.862,"SF"
"OF","Denard Span",3600,"Final",7.070,"SF"
"OF","Lorenzo Cain",3500,"Final",8.267,"KC"
"C","Francisco Mejia",3500,"Final",0,"CLE"
"2B","Starlin Castro",3500,"Final",8.548,"NYY"
"OF","Jacoby Ellsbury",3500,"Final",7.465,"NYY"
"SS","Didi Gregorius",3500,"Final",7.796,"NYY"
"3B","Todd Frazier",3500,"Final",7.085,"CWS"
"OF","Avisail Garcia",3500,"Final",8.427,"CWS"
"OF","Seth Smith",3500,"Final",6.474,"BAL"
"OF","Mark Trumbo",3500,"Final",7.205,"BAL"
"2B/OF","Brock Holt",3500,"Final",3.333,"BOS"
"3B","Jhonny Peralta",3500,"Final",2.238,"BOS"
"OF","Chris Young",3500,"Final",5.612,"BOS"
"OF","Robbie Grossman",3500,"Final",6.730,"MIN"
"3B/SS","Eduardo Escobar",3500,"Final",6.370,"MIN"
"2B","Dustin Pedroia",3500,"Final",6.852,"BOS"
"2B/3B","Matt Duffy",3500,"Final",0,"TB"
"1B","Danny Valencia",3500,"Final",6.822,"SEA"
"1B","Tommy Joseph",3500,"Final",6.861,"PHI"
"OF","Lewis Brinson",3500,"Final",1.929,"MIL"
"2B/SS","Chad Pinder",3500,"Final",6.292,"OAK"
"OF","Yasmany Tomas",3500,"Final",6.896,"ARI"
"OF","Eric Young Jr.",3500,"Final",7.571,"LAA"
"3B","David Wright",3500,"Final",0,"NYM"
"2B","Yangervis Solarte",3500,"Final",7.127,"SD"
"OF","Kyle Schwarber",3500,"Final",6.446,"CHC"
"1B","Adam Lind",3500,"Final",5.480,"WAS"
"OF","Ryan Raburn",3500,"Final",3.933,"WAS"
"SS","Addison Russell",3500,"Final",6.042,"CHC"
"1B","Eric Hosmer",3400,"Final",7.610,"KC"
"C","Robinson Chirinos",3400,"Final",8.758,"TEX"
"1B","Bobby Bradley",3400,"Final",0,"CLE"
"OF","Abraham Almonte",3400,"Final",4.515,"CLE"
"OF","Austin Jackson",3400,"Final",5.973,"CLE"
"C","Welington Castillo",3400,"Final",6.957,"BAL"
"OF","Steve Pearce",3400,"Final",5.861,"TOR"
"C","Chris Gimenez",3400,"Final",5.028,"MIN"
"SS","Jordy Mercer",3400,"Final",6.276,"PIT"
"OF","Gregory Polanco",3400,"Final",6.238,"PIT"
"SS","Freddy Galvis",3400,"Final",6.364,"PHI"
"2B","Cesar Hernandez",3400,"Final",7.638,"PHI"
"3B","Kyle Seager",3400,"Final",7.104,"SEA"
"OF","Jarrod Dyson",3400,"Final",6.973,"SEA"
"OF","Brett Phillips",3400,"Final",1.600,"MIL"
"OF","Michael Reed",3400,"Final",0,"MIL"
"SS","Zack Cozart",3400,"Final",9.016,"CIN"
"1B/3B","Ryon Healy",3400,"Final",7.897,"OAK"
"SS","Aledmys Diaz",3400,"Final",6.028,"STL"
"1B","C.J. Cron",3400,"Final",4.800,"LAA"
"OF","Franklin Gutierrez",3400,"Final",2.806,"LAD"
"OF","Peter O'Brien",3400,"Final",0,"LAD"
"1B","Albert Pujols",3400,"Final",6.880,"LAA"
"2B","Neil Walker",3400,"Final",7.883,"NYM"
"SS","Erick Aybar",3400,"Final",5.045,"SD"
"OF","Manuel Margot",3400,"Final",6.980,"SD"
"3B","Adonis Garcia",3400,"Final",6.632,"ATL"
"OF","Jayson Werth",3400,"Final",7.894,"WAS"
"OF","Gerardo Parra",3400,"Final",6.260,"COL"
"C","Brett Nicholas",3300,"Final",0,"TEX"
"3B/SS","Pete Kozma",3300,"Final",1.303,"TEX"
"OF","Jared Hoying",3300,"Final",4.167,"TEX"
"C","Jonathan Lucroy",3300,"Final",5.638,"TEX"
"OF","Brandon Guyer",3300,"Final",3.609,"CLE"
"OF","Greg Allen",3300,"Final",0,"CLE"
"OF","Jurickson Profar",3300,"Final",3.200,"TEX"
"OF","Melky Cabrera",3300,"Final",7.253,"CWS"
"2B","Alen Hanson",3300,"Final",2.759,"CWS"
"2B/SS","Tyler Saladino",3300,"Final",5.133,"CWS"
"OF","Max Kepler",3300,"Final",6.726,"MIN"
"1B/OF","Jose Osuna",3300,"Final",4.660,"PIT"
"OF","Guillermo Heredia",3300,"Final",5.644,"SEA"
"OF","Odubel Herrera",3300,"Final",6.560,"PHI"
"OF","Kirk Nieuwenhuis",3300,"Final",2.200,"MIL"
"C","Andrew Susac",3300,"Final",0,"MIL"
"2B","Jose Peraza",3300,"Final",6.351,"CIN"
"2B/OF","Arismendy Alcantara",3300,"Final",2.196,"CIN"
"C","Stephen Vogt",3300,"Final",4.446,"MIL"
"OF","Derek Fisher",3300,"Final",10.400,"HOU"
"SS","Marcus Semien",3300,"Final",6.909,"OAK"
"2B","Jed Lowrie",3300,"Final",7.787,"OAK"
"1B/OF","Jose Martinez",3300,"Final",5.318,"STL"
"C","Austin Barnes",3300,"Final",5.585,"LAD"
"3B","Martin Prado",3300,"Final",6.174,"MIA"
"3B/SS","Jose Reyes",3300,"Final",5.961,"NYM"
"C","Travis d'Arnaud",3300,"Final",6.333,"NYM"
"1B/OF","Tyler Moore",3300,"Final",4.310,"MIA"
"OF","Franchy Cordero",3300,"Final",5.926,"SD"
"OF","Alex Dickerson",3300,"Final",0,"SD"
"C","Kurt Suzuki",3300,"Final",5.684,"ATL"
"OF","Hunter Renfroe",3300,"Final",7.039,"SD"
"2B/SS","Javier Baez",3300,"Final",6.243,"CHC"
"OF","Hunter Pence",3300,"Final",5.883,"SF"
"OF","Jorge Soler",3200,"Final",3.850,"KC"
"1B/OF","Ryan Rua",3200,"Final",3.800,"TEX"
"2B","Andy Ibanez",3200,"Final",0,"TEX"
"2B","Rougned Odor",3200,"Final",6.658,"TEX"
"1B","Carlos Santana",3200,"Final",7.538,"CLE"
"3B","Chase Headley",3200,"Final",6.913,"NYY"
"2B","Yolmer Sanchez",3200,"Final",6.045,"CWS"
"1B","Greg Bird",3200,"Final",3.842,"NYY"
"2B/3B","Yoan Moncada",3200,"Final",0,"CWS"
"SS","Troy Tulowitzki",3200,"Final",5.523,"TOR"
"C","Jason Castro",3200,"Final",5.982,"MIN"
"1B/OF","Daniel Palka",3200,"Final",0,"MIN"
"OF","Leonys Martin",3200,"Final",3.867,"SEA"
"OF","Nick Franklin",3200,"Final",2.434,"MIL"
"OF","Jake Marisnick",3200,"Final",5.458,"HOU"
"2B","Kolten Wong",3200,"Final",6.917,"STL"
"2B/OF","Daniel Descalso",3200,"Final",5.000,"ARI"
"SS","Nick Ahmed",3200,"Final",5.962,"ARI"
"1B","Jefry Marte",3200,"Final",4.289,"LAA"
"1B/2B","Chase Utley",3200,"Final",5.290,"LAD"
"2B/3B","Logan Forsythe",3200,"Final",5.261,"LAD"
"OF","Kole Calhoun",3200,"Final",7.012,"LAA"
"OF","Christian Yelich",3200,"Final",7.878,"MIA"
"SS","Dansby Swanson",3200,"Final",5.688,"ATL"
"OF","Jason Heyward",3200,"Final",6.582,"CHC"
"C","Willson Contreras",3200,"Final",6.257,"CHC"
"OF","Carlos Gonzalez",3200,"Final",5.870,"COL"
"2B/SS","Erik Gonzalez",3100,"Final",4.176,"CLE"
"OF","Mason Williams",3100,"Final",6.400,"NYY"
"OF","Joey Rickard",3100,"Final",3.745,"BAL"
"OF","Dalton Pompey",3100,"Final",0,"TOR"
"1B","Rowdy Tellez",3100,"Final",0,"TOR"
"SS","Richard Urena",3100,"Final",0,"TOR"
"OF","Harold Ramirez",3100,"Final",0,"TOR"
"3B/SS","Marco Hernandez",3100,"Final",3.619,"BOS"
"OF","Steve Selsky",3100,"Final",0.625,"BOS"
"1B","Jake Bauers",3100,"Final",0,"TB"
"OF","Peter Bourjos",3100,"Final",3.578,"TB"
"3B","David Freese",3100,"Final",6.186,"PIT"
"SS","Tim Beckham",3100,"Final",7.042,"TB"
"2B/SS","Taylor Motter",3100,"Final",5.723,"SEA"
"C","Tucker Barnhart",3100,"Final",4.811,"CIN"
"C","Jacob Nottingham",3100,"Final",0,"MIL"
"OF","Jesse Winker",3100,"Final",5.750,"CIN"
"OF","Harrison Bader",3100,"Final",0,"STL"
"OF","Rey Fuentes",3100,"Final",4.059,"ARI"
"OF","Jeremy Hazelbaker",3100,"Final",3.242,"ARI"
"OF","Trayce Thompson",3100,"Final",3.500,"LAD"
"OF","Stephen Cardullo",3100,"Final",2.000,"COL"
"OF","Raimel Tapia",3100,"Final",4.667,"COL"
"SS","Pat Valaika",3100,"Final",3.500,"COL"
"SS","Trevor Story",3100,"Final",6.269,"COL"
"2B/OF","Andrew Romine",3000,"Final",5.276,"DET"
"OF","Mikie Mahtook",3000,"Final",4.372,"DET"
"2B/SS","Hanser Alberto",3000,"Final",0,"TEX"
"3B","Giovanny Urshela",3000,"Final",0.000,"CLE"
"OF","Tyler Naquin",3000,"Final",3.667,"CLE"
"OF","Leury Garcia",3000,"Final",6.754,"CWS"
"1B/OF","Rob Refsnyder",3000,"Final",2.056,"NYY"
"OF","Craig Gentry",3000,"Final",2.317,"BAL"
"3B","Pablo Sandoval",3000,"Final",4.844,"BOS"
"C","Francisco Cervelli",3000,"Final",5.774,"PIT"
"C","Jesus Sucre",3000,"Final",5.531,"TB"
"OF","Michael Saunders",3000,"Final",5.098,"PHI"
"OF","Corey Ray",3000,"Final",0,"MIL"
"C","Jett Bandy",3000,"Final",5.651,"MIL"
"C","Manny Pina",3000,"Final",6.958,"MIL"
"OF","Ryan Cordell",3000,"Final",0,"MIL"
"OF","Mark Canha",3000,"Final",4.400,"OAK"
"C/OF","Chris Herrmann",3000,"Final",4.263,"ARI"
"OF","Andrew Toles",3000,"Final",6.094,"LAD"
"2B","Willie Calhoun",3000,"Final",0.000,"LAD"
"2B/OF","Danny Santana",3000,"Final",3.571,"ATL"
"C","Austin Hedges",3000,"Final",5.623,"SD"
"OF","Travis Jankowski",3000,"Final",3.765,"SD"
"3B/OF","Cory Spangenberg",3000,"Final",5.556,"SD"
"3B/SS","Stephen Drew",3000,"Final",4.172,"WAS"
"OF","Jarrett Parker",3000,"Final",2.667,"SF"
"C","Dustin Garneau",3000,"Final",4.318,"COL"
"3B/SS","Christian Arroyo",3000,"Final",5.059,"SF"
"C","James McCann",2900,"Final",5.837,"DET"
"1B/C","John Hicks",2900,"Final",6.435,"DET"
"OF","Drew Stubbs",2900,"Final",1.000,"TEX"
"C","Yan Gomes",2900,"Final",5.288,"CLE"
"OF","Adam Engel",2900,"Final",6.722,"CWS"
"OF","Charlie Tilson",2900,"Final",0,"CWS"
"OF","Tyler Austin",2900,"Final",5.250,"NYY"
"SS","J.J. Hardy",2900,"Final",4.594,"BAL"
"2B/SS","Ryan Goins",2900,"Final",4.453,"TOR"
"2B/3B","Josh Rutledge",2900,"Final",3.744,"BOS"
"1B","Sam Travis",2900,"Final",6.400,"BOS"
"C","Elias Diaz",2900,"Final",5.037,"PIT"
"OF","Danny Ortiz",2900,"Final",0.778,"PIT"
"SS","Kevin Newman",2900,"Final",0,"PIT"
"C","Derek Norris",2900,"Final",5.774,"TB"
"2B/3B","Daniel Robertson",2900,"Final",5.000,"TB"
"3B","Maikel Franco",2900,"Final",6.274,"PHI"
"SS","Adam Rosales",2900,"Final",4.413,"OAK"
"3B","J.D. Davis",2900,"Final",0,"HOU"
"2B","Joey Wendle",2900,"Final",0,"OAK"
"OF","Rajai Davis",2900,"Final",5.475,"OAK"
"OF","Chad Huffman",2900,"Final",2.083,"STL"
"SS","Domingo Leyba",2900,"Final",0,"ARI"
"SS","Jack Reinheimer",2900,"Final",0,"ARI"
"3B/SS","Dawel Lugo",2900,"Final",0,"ARI"
"OF","Socrates Brito",2900,"Final",0,"ARI"
"OF","Ben Revere",2900,"Final",3.887,"LAA"
"3B/OF","Rob Segedin",2900,"Final",2.500,"LAD"
"OF","Alex Verdugo",2900,"Final",0,"LAD"
"C","Rene Rivera",2900,"Final",5.684,"NYM"
"SS","Amed Rosario",2900,"Final",0,"NYM"
"OF","Matt Szczur",2900,"Final",2.868,"SD"
"C","Tom Murphy",2900,"Final",1.625,"COL"
"C","Nick Hundley",2900,"Final",4.298,"SF"
"2B/SS","Dixon Machado",2800,"Final",2.750,"DET"
"OF","JaCoby Jones",2800,"Final",3.091,"DET"
"OF","Billy Burns",2800,"Final",0.000,"KC"
"OF","Paulo Orlando",2800,"Final",3.000,"KC"
"OF","Alex Gordon",2800,"Final",4.884,"KC"
"C","Roberto Perez",2800,"Final",4.806,"CLE"
"3B/OF","Yandy Diaz",2800,"Final",4.278,"CLE"
"C","Jarrod Saltalamacchia",2800,"Final",0.700,"TOR"
"OF","Ezequiel Carrera",2800,"Final",5.305,"TOR"
"1B","Rickie Weeks Jr.",2800,"Final",4.486,"TB"
"C","Andrew Knapp",2800,"Final",5.559,"PHI"
"OF","Daniel Nava",2800,"Final",4.520,"PHI"
"3B","Matt Chapman",2800,"Final",6.250,"OAK"
"OF","Norichika Aoki",2800,"Final",4.611,"HOU"
"C","Chris Iannetta",2800,"Final",6.946,"ARI"
"OF","Andre Ethier",2800,"Final",0,"LAD"
"1B/3B","Luis Valbuena",2800,"Final",4.875,"LAA"
"OF","Brandon Nimmo",2800,"Final",1.800,"NYM"
"OF","Destin Hood",2800,"Final",0,"MIA"
"3B","Derek Dietrich",2800,"Final",4.831,"MIA"
"SS","Chase d'Arnaud",2800,"Final",3.030,"SD"
"2B","Micah Johnson",2800,"Final",0,"ATL"
"OF","Albert Almora Jr.",2800,"Final",4.104,"CHC"
"OF","Mark Zagunis",2800,"Final",2.857,"CHC"
"OF","Mac Williamson",2800,"Final",4.900,"SF"
"OF","Jordan Patterson",2800,"Final",0,"COL"
"3B/SS","Kelby Tomlinson",2800,"Final",2.619,"SF"
"OF","Gorkys Hernandez",2800,"Final",3.797,"SF"
"OF","Tyler Collins",2700,"Final",5.225,"DET"
"C","Caleb Joseph",2700,"Final",4.717,"BAL"
"OF","Darrell Ceciliani",2700,"Final",8.333,"TOR"
"OF","Byron Buxton",2700,"Final",4.904,"MIN"
"C","Curt Casali",2700,"Final",0,"TB"
"C","Jacob Stallings",2700,"Final",6.000,"PIT"
"1B/OF","John Jaso",2700,"Final",4.569,"PIT"
"OF","Cameron Perkins",2700,"Final",2.333,"PHI"
"C","Cameron Rupp",2700,"Final",5.638,"PHI"
"OF","Jaycob Brugman",2700,"Final",5.263,"OAK"
"OF","Jake Smolinski",2700,"Final",0,"OAK"
"OF","Ryan LaMarre",2700,"Final",0.667,"OAK"
"OF","Magneuris Sierra",2700,"Final",8.625,"STL"
"1B/OF","Scott Van Slyke",2700,"Final",2.276,"LAD"
"2B","Danny Espinosa",2700,"Final",4.803,"LAA"
"1B/3B","T.J. Rivera",2700,"Final",4.778,"NYM"
"C","Tomas Telis",2700,"Final",1.714,"MIA"
"OF","Ichiro Suzuki",2700,"Final",1.938,"MIA"
"OF","Ronald Acuna",2700,"Final",0,"ATL"
"C","Christian Bethancourt",2700,"Final",0.375,"SD"
"SS","Jose Rondon",2700,"Final",0,"SD"
"2B","Luis Urias",2700,"Final",0,"SD"
"3B","Rio Ruiz",2700,"Final",4.129,"ATL"
"2B/SS","Travis Demeritte",2700,"Final",0,"ATL"
"3B","Johan Camargo",2700,"Final",4.387,"ATL"
"2B/SS","Wilmer Difo",2700,"Final",2.587,"WAS"
"C","Matt Wieters",2700,"Final",6.123,"WAS"
"C","Tony Wolters",2700,"Final",5.471,"COL"
"OF/SS","Alexi Amarista",2700,"Final",3.818,"COL"
"OF","Austin Slater",2700,"Final",7.182,"SF"
"SS","Alcides Escobar",2600,"Final",4.636,"KC"
"OF","Alex Presley",2600,"Final",4.667,"DET"
"1B","Ryan O'Hearn",2600,"Final",0,"KC"
"OF","Brandon Moss",2600,"Final",5.019,"KC"
"OF","Jacob May",2600,"Final",1.600,"CWS"
"SS","Tyler Wade",2600,"Final",5.333,"NYY"
"3B","Miguel Andujar",2600,"Final",26.000,"NYY"
"3B/SS","Ronald Torreyes",2600,"Final",4.490,"NYY"
"SS","Jorge Mateo",2600,"Final",0,"NYY"
"SS","Gleyber Torres",2600,"Final",0,"NYY"
"SS","Tim Anderson",2600,"Final",6.348,"CWS"
"OF","Dwight Smith Jr.",2600,"Final",4.083,"TOR"
"3B/OF","Chris Coghlan",2600,"Final",2.757,"TOR"
"OF","Anthony Alford",2600,"Final",1.250,"TOR"
"3B","Deven Marrero",2600,"Final",4.268,"BOS"
"2B/SS","Ehire Adrianza",2600,"Final",4.615,"MIN"
"C","Christian Vazquez",2600,"Final",5.643,"BOS"
"2B","Taylor Featherston",2600,"Final",6.182,"TB"
"2B","Chris Bostick",2600,"Final",0.667,"PIT"
"2B","Phil Gosselin",2600,"Final",1.208,"PIT"
"SS","Adeiny Hechavarria",2600,"Final",5.217,"TB"
"2B","Scott Kingery",2600,"Final",0,"PHI"
"2B/SS","Shawn O'Malley",2600,"Final",0,"SEA"
"C","Carlos Ruiz",2600,"Final",3.710,"SEA"
"OF","Patrick Kivlehan",2600,"Final",2.855,"CIN"
"C","Josh Phegley",2600,"Final",3.537,"OAK"
"C","Bruce Maxwell",2600,"Final",4.667,"OAK"
"2B/3B","Greg Garcia",2600,"Final",2.571,"STL"
"C","Carson Kelly",2600,"Final",0,"STL"
"SS","Gavin Cecchini",2600,"Final",5.000,"NYM"
"OF","Juan Lagares",2600,"Final",3.787,"NYM"
"2B/3B","Christian Colon",2600,"Final",1.833,"MIA"
"2B/OF","Steve Lombardozzi",2600,"Final",0.000,"MIA"
"2B/OF","Jace Peterson",2600,"Final",3.196,"ATL"
"1B/3B","Jeimer Candelario",2600,"Final",4.200,"CHC"
"C","Miguel Montero",2600,"Final",4.200,"CHC"
"OF","Jon Jay",2600,"Final",4.059,"CHC"
"OF","Jim Adduci",2500,"Final",7.500,"DET"
"OF","Terrance Gore",2500,"Final",0.000,"KC"
"3B","Cheslor Cuthbert",2500,"Final",3.121,"KC"
"2B/OF","Drew Robinson",2500,"Final",9.500,"TEX"
"1B","Cody Asche",2500,"Final",2.895,"CWS"
"OF","Willy Garcia",2500,"Final",4.207,"CWS"
"C","Austin Romine",2500,"Final",4.341,"NYY"
"3B/SS","Paul Janish",2500,"Final",1.091,"BAL"
"3B/SS","Luis Sardinas",2500,"Final",1.500,"BAL"
"2B/SS","Ryan Flaherty",2500,"Final",3.462,"BAL"
"C","Francisco Pena",2500,"Final",7.800,"BAL"
"2B/3B","Darwin Barney",2500,"Final",3.316,"TOR"
"OF","Hyun Soo Kim",2500,"Final",3.318,"BAL"
"1B","Rhys Hoskins",2500,"Final",0,"PHI"
"OF","Roman Quinn",2500,"Final",0,"PHI"
"OF","Boog Powell",2500,"Final",2.050,"SEA"
"1B/OF","Brock Stassi",2500,"Final",2.310,"PHI"
"C","Jorge Alfaro",2500,"Final",0,"PHI"
"OF","Nick Williams",2500,"Final",0,"PHI"
"C","Eric Fryer",2500,"Final",2.400,"STL"
"1B","Christian Walker",2500,"Final",0,"ARI"
"C","A.J. Ellis",2500,"Final",3.667,"MIA"
"C","Kevin Plawecki",2500,"Final",2.700,"NYM"
"2B/SS","Matt Reynolds",2500,"Final",1.920,"NYM"
"2B/3B","Aaron Hill",2500,"Final",2.735,"SF"
"OF","Orlando Calixte",2500,"Final",3.250,"SF"
"C","Geovany Soto",2400,"Final",5.533,"CWS"
"C","Kevan Smith",2400,"Final",4.735,"CWS"
"1B","David Washington",2400,"Final",0.000,"BAL"
"2B","Gift Ngoepe",2400,"Final",3.321,"PIT"
"OF","Shane Peterson",2400,"Final",5.211,"TB"
"C","Tuffy Gosewisch",2400,"Final",0.909,"SEA"
"2B/3B","Andres Blanco",2400,"Final",2.068,"PHI"
"OF","Kyle Tucker",2400,"Final",0,"HOU"
"OF","Shane Robinson",2400,"Final",2.500,"LAA"
"SS","David Fletcher",2400,"Final",0,"LAA"
"2B/3B","Cliff Pennington",2400,"Final",3.804,"LAA"
"2B/OF","Mike Aviles",2400,"Final",1.333,"MIA"
"OF","Jabari Blash",2400,"Final",3.286,"SD"
"SS","Carlos Asuaje",2400,"Final",3.875,"SD"
"2B/3B","Tommy La Stella",2400,"Final",3.286,"CHC"
"OF","Chris Heisey",2400,"Final",1.690,"WAS"
"2B/SS","Cristhian Adames",2400,"Final",0.333,"COL"
"C","Ryan Hanigan",2400,"Final",5.500,"COL"
"3B","Conor Gillaspie",2400,"Final",1.893,"SF"
"SS","Brandon Crawford",2400,"Final",6.359,"SF"
"SS","Jose Iglesias",2300,"Final",5.641,"DET"
"OF","Daniel Robertson",2300,"Final",3.750,"CLE"
"2B/3B","Michael Martinez",2300,"Final",1.214,"CLE"
"3B/SS","Ruben Tejada",2300,"Final",2.733,"BAL"
"2B/SS","Max Moroff",2300,"Final",2.333,"PIT"
"1B/2B","Mike Freeman",2300,"Final",1.526,"LAD"
"2B","Nolan Fontana",2300,"Final",3.000,"LAA"
"C","Hector Sanchez",2300,"Final",2.095,"SD"
"OF","Rafael Bautista",2300,"Final",1.000,"WAS"
"C","Pedro Severino",2300,"Final",0,"WAS"
"1B","Michael Morse",2300,"Final",1.833,"SF"
"OF","Justin Ruggiano",2300,"Final",4.000,"SF"
"2B","Raul Mondesi",2200,"Final",4.133,"KC"
"C","Omar Narvaez",2200,"Final",3.814,"CWS"
"C","Kyle Higashioka",2200,"Final",0.889,"NYY"
"SS","Tzu-Wei Lin",2200,"Final",2.667,"BOS"
"C","Chris Stewart",2200,"Final",3.048,"PIT"
"C","John Bormann",2200,"Final",0.000,"PIT"
"OF","Kyle Lewis",2200,"Final",0,"SEA"
"1B","Daniel Vogelbach",2200,"Final",2.429,"SEA"
"3B","Nick Senzel",2200,"Final",0,"CIN"
"OF","Matt Olson",2200,"Final",6.385,"OAK"
"C","Juan Centeno",2200,"Final",17.500,"HOU"
"2B/OF","Tony Kemp",2200,"Final",0.000,"HOU"
"3B","Renato Nunez",2200,"Final",0,"OAK"
"SS","Franklin Barreto",2200,"Final",6.600,"OAK"
"C","Juan Graterol",2200,"Final",2.947,"LAA"
"3B/SS","Miguel Rojas",2200,"Final",5.333,"MIA"
"C","Anthony Recker",2200,"Final",0.833,"ATL"
"C","Tim Federowicz",2200,"Final",1.000,"SF"
"OF","Matt den Dekker",2100,"Final",0.000,"DET"
"C","Luke Maile",2100,"Final",2.800,"TOR"
"OF","Anthony Santander",2100,"Final",0,"BAL"
"SS","Willy Adames",2100,"Final",0,"TB"
"3B","D.J. Peterson",2100,"Final",0,"SEA"
"3B/OF","Ty Kelly",2100,"Final",2.313,"PHI"
"C","Stuart Turner",2100,"Final",1.813,"CIN"
"OF","Jaff Decker",2100,"Final",4.118,"OAK"
"1B","Luke Voit",2100,"Final",4.750,"STL"
"OF","Brett Eibner",2100,"Final",3.294,"LAD"
"C","Carlos Perez",2100,"Final",0.833,"LAA"
"OF","Emilio Bonifacio",2100,"Final",0.895,"ATL"
"OF","Allen Cordoba",2100,"Final",3.516,"SD"
"C","Jose Lobaton",2100,"Final",3.545,"WAS"
"SS","Ramon Torres",2000,"Final",5.444,"KC"
"3B","Hunter Dozier",2000,"Final",0,"KC"
"C","Drew Butera",2000,"Final",3.258,"KC"
"2B/SS","Grant Green",2000,"Final",0.000,"CWS"
"C","Zack Collins",2000,"Final",0,"CWS"
"OF","Ian Parmley",2000,"Final",0.000,"TOR"
"C","Mike Ohlman",2000,"Final",1.600,"TOR"
"SS","Tyler Smith",2000,"Final",2.100,"SEA"
"3B","Colin Moran",2000,"Final",0,"HOU"
"OF","Teoscar Hernandez",2000,"Final",0.000,"HOU"
"C","Jeff Mathis",2000,"Final",3.590,"ARI"
"3B","Kaleb Cowart",2000,"Final",16.000,"LAA"
"SS","JT Riddle",2000,"Final",4.741,"MIA"
"OF","Lane Adams",2000,"Final",2.120,"ATL"
"C","Luis Torrens",2000,"Final",2.097,"SD"
"OF","Eloy Jimenez",2000,"Final",0,"CHC"
"OF","Chris Marrero",2000,"Final",2.667,"SF"
"3B","Ryder Jones",2000,"Final",0.000,"SF"
